type,name,module,path,hash
"csv","agent-manifest","_config","_config/agent-manifest.csv","9d4d5ad1720efc9d263626866e0b88c2ca2b572a788ac00b03027a2e7931887e"
"csv","task-manifest","_config","_config/task-manifest.csv","c275e885047dda4997e46e6e0206bf345870262079f3a235b1949dbfc9cac233"
"csv","workflow-manifest","_config","_config/workflow-manifest.csv","323be5e235df8b15e9a62abfa79f88c6bd416fc998074b7b51140e435a2de90e"
"yaml","manifest","_config","_config/manifest.yaml","ef3e90c5493da31bbb8a80334baa12dbc824cd20c5061cd5053046dfbe7be585"
"md","documentation-standards","_memory","_memory/tech-writer-sidecar/documentation-standards.md","b046192ee42fcd1a3e9b2ae6911a0db38510323d072c8d75bad0594f943039e4"
"md","stories-told","_memory","_memory/storyteller-sidecar/stories-told.md","8d7cb6a41382340a550c88627ef0c680ee7c20d61b53a7b18994d27f2368a5d4"
"md","story-preferences","_memory","_memory/storyteller-sidecar/story-preferences.md","b269d52c87cf6913ff2ce31772ed5faa5d064ab5f6889be6c9bec3c9b2e7c47a"
"yaml","config","_memory","_memory/config.yaml","644f0e9555f70c4f36ac368d1caa94c45e26ac14f2720dbcee25cc621567f73a"
"csv","module-help","bmb","bmb/module-help.csv","dec9ec6357dfc42050e1a38538b32cfe69acd4a0e867766ef7b71671b7d0db31"
"json","bmad-manifest","bmb","bmb/skills/bmad-agent-builder/bmad-manifest.json","099f0ee89593c7facccfb7fde3938e6c524da6ac0e19cba8cf975f27d2bcc97f"
"json","bmad-manifest","bmb","bmb/skills/bmad-workflow-builder/bmad-manifest.json","4784682fde6d34b5eafdd33e763060164209bc606402f991a0468aac1b30b6a5"
"json","bmad-manifest-schema","bmb","bmb/skills/bmad-agent-builder/scripts/bmad-manifest-schema.json","72be9fef6d1d9f1fd709c0bb8e92166db30c65cf272830f67cf64af5a5b317fa"
"json","bmad-manifest-schema","bmb","bmb/skills/bmad-workflow-builder/scripts/bmad-manifest-schema.json","72be9fef6d1d9f1fd709c0bb8e92166db30c65cf272830f67cf64af5a5b317fa"
"md","autonomous-wake","bmb","bmb/skills/bmad-agent-builder/assets/autonomous-wake.md","015eb8ac34c275112703549074a0b8e5bdd643b5c9baffe86a3f4ca2d36ba864"
"md","build-process","bmb","bmb/skills/bmad-agent-builder/build-process.md","afa4d2ab2d1f68d94b671924f70d793c0a1ffe84ccff2ec1d352642163541b0f"
"md","build-process","bmb","bmb/skills/bmad-workflow-builder/build-process.md","13b0b883cd3826dd5962945d4efe810a62f091af7df7f7aea8c926724e5416b2"
"md","classification-reference","bmb","bmb/skills/bmad-workflow-builder/references/classification-reference.md","76d104cda828c181af2ff83f37aaa21f781b8ebfbc1d334563b5a4a0ad79bcb5"
"md","complex-workflow-patterns","bmb","bmb/skills/bmad-workflow-builder/references/complex-workflow-patterns.md","eb0c0e6a13727414702d1a15a281294b0b749caa10b2c10e88c2cc8949408651"
"md","init-template","bmb","bmb/skills/bmad-agent-builder/assets/init-template.md","48fa7914ae7ae863d732fed1f27cbb18277dc31e88d62ebce26d98e01cd826f5"
"md","memory-system","bmb","bmb/skills/bmad-agent-builder/assets/memory-system.md","92b0c8225050dc75e8d43ad0340d0887e4820eb9840f3557938e5d228018d494"
"md","metadata-reference","bmb","bmb/skills/bmad-agent-builder/references/metadata-reference.md","256c5dfc18cb5c31a53886fc6343085393afe373fe1a45276a146d476e911eb4"
"md","metadata-reference","bmb","bmb/skills/bmad-workflow-builder/references/metadata-reference.md","495597f770defbc9477ed4aba53344173b1fcc690259b9c1e9313658ccc734fa"
"md","quality-dimensions","bmb","bmb/skills/bmad-agent-builder/references/quality-dimensions.md","3073aa84540adc3d71346b77d8314edf3e19ca4baba8ba1f1fcc0b9001dfe971"
"md","quality-dimensions","bmb","bmb/skills/bmad-workflow-builder/references/quality-dimensions.md","357d05e26231cbf7cf15d1fd8517c48e00879282a5b90f05f1fdb8ad3d9485eb"
"md","quality-optimizer","bmb","bmb/skills/bmad-agent-builder/quality-optimizer.md","b059fedab41340b549ed3e12d74fc57739bbd96366be5435db2b2633a9a19d32"
"md","quality-optimizer","bmb","bmb/skills/bmad-workflow-builder/quality-optimizer.md","9d992ffd5d86458ad77f9c123b6aeaaa8e65124f710ea6efc4d3d8b5d5aa82a8"
"md","quality-report-template","bmb","bmb/skills/bmad-agent-builder/assets/quality-report-template.md","e450050d9daebfe0c047f89a74e2fcc9ca103ad217916ff103e1202bf5d43ef7"
"md","quality-report-template","bmb","bmb/skills/bmad-workflow-builder/assets/quality-report-template.md","314073e1223906c5814752886857b218d346e282bc736eadac1580110b93ce46"
"md","quality-scan-agent-cohesion","bmb","bmb/skills/bmad-agent-builder/quality-scan-agent-cohesion.md","38f7bc9ab7dcc9391b181ec04a31fe92fd4ea0e957af036b0b5cc8161a4a0ed2"
"md","quality-scan-enhancement-opportunities","bmb","bmb/skills/bmad-agent-builder/quality-scan-enhancement-opportunities.md","5a8dc8a644f4fac547a736eb37b4d39b350d5057a483d389e0e8278eaf5534f1"
"md","quality-scan-enhancement-opportunities","bmb","bmb/skills/bmad-workflow-builder/quality-scan-enhancement-opportunities.md","2abfde391b066b7a69c79f0771244103d1fc9f8413115af8267c29cd496a4255"
"md","quality-scan-execution-efficiency","bmb","bmb/skills/bmad-agent-builder/quality-scan-execution-efficiency.md","813d14b9eb197bf7af721bba19fb82513bff8d3b31587ce07f2c2de53ad4b3e2"
"md","quality-scan-execution-efficiency","bmb","bmb/skills/bmad-workflow-builder/quality-scan-execution-efficiency.md","c27c4fb568adf28268d141336c0e2fb2974ce6e7ec12f28669f3d3b597a539be"
"md","quality-scan-prompt-craft","bmb","bmb/skills/bmad-agent-builder/quality-scan-prompt-craft.md","43e45aaff625335589ca3b8054596ca18d14f2f43e344065ecbd36845d7f84d0"
"md","quality-scan-prompt-craft","bmb","bmb/skills/bmad-workflow-builder/quality-scan-prompt-craft.md","88a85b322ce28b1e64252c48eab44fa6b92f8338736282961e7b64e3183bc52d"
"md","quality-scan-script-opportunities","bmb","bmb/skills/bmad-agent-builder/quality-scan-script-opportunities.md","9f6af71420b8415003092e5114d29fb77eeeb3a088d9245e50149c3600400ef9"
"md","quality-scan-script-opportunities","bmb","bmb/skills/bmad-workflow-builder/quality-scan-script-opportunities.md","497defd4436ac0b6aca3733f7b47adcc220e08f74c9861261e9c2808d7d352b6"
"md","quality-scan-skill-cohesion","bmb","bmb/skills/bmad-workflow-builder/quality-scan-skill-cohesion.md","f346808dd79ef3ab3958c7b6d980b236eacafe9fe2a812765e6e6bc000acc310"
"md","quality-scan-structure","bmb","bmb/skills/bmad-agent-builder/quality-scan-structure.md","518e9fd74c2df3aac921e99ef545dac5ee8a925f0b54ef79a758ab795ec7fde2"
"md","quality-scan-workflow-integrity","bmb","bmb/skills/bmad-workflow-builder/quality-scan-workflow-integrity.md","603b5e305f3ed2a423ef2d3b5b88518e2e55b25259653337e4841199c57e6a2b"
"md","report-quality-scan-creator","bmb","bmb/skills/bmad-agent-builder/report-quality-scan-creator.md","77276e170354bd610a65e0082dd9f76339d3b3f9fdd9e8ddfbdba4d20e4fe796"
"md","report-quality-scan-creator","bmb","bmb/skills/bmad-workflow-builder/report-quality-scan-creator.md","68b15427cda2c679e617da0990b9b8738ceafbe061e9fd8dd220466570092787"
"md","save-memory","bmb","bmb/skills/bmad-agent-builder/assets/save-memory.md","62df6b249e4ec3f7e5f4dac21b9b38e80c6f27857dbcad2a3d483844255d1b89"
"md","script-opportunities-reference","bmb","bmb/skills/bmad-agent-builder/references/script-opportunities-reference.md","21fdc0393a76949c9fce90e8360ec78239c8aed76e46dab46ef69186d91c132b"
"md","script-opportunities-reference","bmb","bmb/skills/bmad-workflow-builder/references/script-opportunities-reference.md","2ce26c8b53ccc9363ffad174690ee945d59b4937a27df75979d3f2308243f7ed"
"md","SKILL","bmb","bmb/skills/bmad-agent-builder/SKILL.md","9beea2b3af6a9e03b6ca359137f3096f5214e6f68d3f82e5bdaaa8f5e2195854"
"md","SKILL","bmb","bmb/skills/bmad-workflow-builder/SKILL.md","32788f9306766319f7df96815c1e33001061c525390a210b43170db49e77e6e2"
"md","skill-best-practices","bmb","bmb/skills/bmad-agent-builder/references/skill-best-practices.md","e1ab1fe398986ac3125dd4f5909f69d362b16343494a857478e7f12af1f2687e"
"md","skill-best-practices","bmb","bmb/skills/bmad-workflow-builder/references/skill-best-practices.md","bb9e037846a5ef90321947a57a4028a498b97d5fe552683c85fbc5377bec7de0"
"md","SKILL-template","bmb","bmb/skills/bmad-agent-builder/assets/SKILL-template.md","9d7589403a6c0ff3270a3a4e87631f4c7900de12fe5275e1de2b131f6c9e1b21"
"md","SKILL-template","bmb","bmb/skills/bmad-workflow-builder/assets/SKILL-template.md","5c50d49d57815934f93adf50bd955d1d985fe8010470713739a1f7aafd9063ef"
"md","standard-fields","bmb","bmb/skills/bmad-agent-builder/references/standard-fields.md","ccc8731288867da2ff7e8a0d6baec29521c6363c744a9a31f8093e8b4fc40cd4"
"md","standard-fields","bmb","bmb/skills/bmad-workflow-builder/references/standard-fields.md","74fc61bdf0df3a4d717c0dbd93a400d17ad989c7d79e64ad660856c1a422b4ed"
"md","template-substitution-rules","bmb","bmb/skills/bmad-agent-builder/references/template-substitution-rules.md","734f7783594c6e74097419c15415a350a487d199a081accbcfd85ef9ece786b6"
"md","template-substitution-rules","bmb","bmb/skills/bmad-workflow-builder/references/template-substitution-rules.md","186bd399c88cdbc34a66eac5b76a85f45519c180106ab57b645950298766e8fc"
"md","universal-scan-schema","bmb","bmb/skills/bmad-agent-builder/references/universal-scan-schema.md","671de7362138ba0a9b2da22cfc85e5b86f4e7f4b0f48c53664e166db97f2e631"
"md","universal-scan-schema","bmb","bmb/skills/bmad-workflow-builder/references/universal-scan-schema.md","671de7362138ba0a9b2da22cfc85e5b86f4e7f4b0f48c53664e166db97f2e631"
"py","generate-html-report","bmb","bmb/skills/bmad-agent-builder/scripts/generate-html-report.py","ed3c44a5bd9684b9dcc18379e95e9cb0f30772645251eb0892bda73b4a7f5ae9"
"py","generate-html-report","bmb","bmb/skills/bmad-workflow-builder/scripts/generate-html-report.py","ed3c44a5bd9684b9dcc18379e95e9cb0f30772645251eb0892bda73b4a7f5ae9"
"py","manifest","bmb","bmb/skills/bmad-agent-builder/scripts/manifest.py","b08ca07a4e1ce26554f9df4acfa087071c05b377ec4293847d00ec135ecec361"
"py","manifest","bmb","bmb/skills/bmad-workflow-builder/scripts/manifest.py","b654da554db134054c6fcf8eee0468f11fdf99502d7263162bd6f5489920279e"
"py","prepass-execution-deps","bmb","bmb/skills/bmad-agent-builder/scripts/prepass-execution-deps.py","8030638fc9a82e810b4b0e054b8631f68eed7001d5c8994ee47515a3a40feb4d"
"py","prepass-execution-deps","bmb","bmb/skills/bmad-workflow-builder/scripts/prepass-execution-deps.py","846c773d254a6df2c85e58b5b892b0c2fdaf5adc63acc49de0015b48b23f201f"
"py","prepass-prompt-metrics","bmb","bmb/skills/bmad-agent-builder/scripts/prepass-prompt-metrics.py","3e90a046fad2fff34738dfcd54023c9ec060193b52f8c4cf8891d0221273d2a5"
"py","prepass-prompt-metrics","bmb","bmb/skills/bmad-workflow-builder/scripts/prepass-prompt-metrics.py","c64a3f92520342c1c7e022eca6882b9a1bee4e6d1354a2fa6d742b5a1e4830ef"
"py","prepass-structure-capabilities","bmb","bmb/skills/bmad-agent-builder/scripts/prepass-structure-capabilities.py","8c9122a9ce08d782de3d758ca1567d7dd53516e7e15eb558d795aa3c6558a04c"
"py","prepass-workflow-integrity","bmb","bmb/skills/bmad-workflow-builder/scripts/prepass-workflow-integrity.py","63286a163c251b796790abaf335c7240eab7d48e4abedc0e7a96500ac1f16a53"
"py","scan-path-standards","bmb","bmb/skills/bmad-agent-builder/scripts/scan-path-standards.py","fd712d858324adfd70928687eff75117606084eb49e6cd69ea3f789d9f3c9b0b"
"py","scan-path-standards","bmb","bmb/skills/bmad-workflow-builder/scripts/scan-path-standards.py","7da1facc7d19a284c2689ee089eb83656793dd48625ce579ed4cedbaf481a1fe"
"py","scan-scripts","bmb","bmb/skills/bmad-agent-builder/scripts/scan-scripts.py","d615afcff675655a60e5c9772c4a45aa4b97caac1ca8e1d81dab0b82bf95269b"
"py","scan-scripts","bmb","bmb/skills/bmad-workflow-builder/scripts/scan-scripts.py","d615afcff675655a60e5c9772c4a45aa4b97caac1ca8e1d81dab0b82bf95269b"
"yaml","bmad-skill-manifest","bmb","bmb/skills/bmad-agent-builder/bmad-skill-manifest.yaml","fba78c307309490c064510a2d87d29e608120d600a705fd1d6b110adbdb68e63"
"yaml","bmad-skill-manifest","bmb","bmb/skills/bmad-workflow-builder/bmad-skill-manifest.yaml","fba78c307309490c064510a2d87d29e608120d600a705fd1d6b110adbdb68e63"
"yaml","config","bmb","bmb/config.yaml","aeb98663927c49c67548e12465dfa32c27f2fb012c0d067e59265db7139a7f6c"
"csv","default-party","bmm","bmm/teams/default-party.csv","5af107a5b9e9092aeb81bd8c8b9bbe7003afb7bc500e64d56da7cc27ae0c4a6e"
"csv","documentation-requirements","bmm","bmm/workflows/document-project/documentation-requirements.csv","d1253b99e88250f2130516b56027ed706e643bfec3d99316727a4c6ec65c6c1d"
"csv","domain-complexity","bmm","bmm/workflows/2-plan-workflows/create-prd/data/domain-complexity.csv","f775f09fb4dc1b9214ca22db4a3994ce53343d976d7f6e5384949835db6d2770"
"csv","domain-complexity","bmm","bmm/workflows/3-solutioning/create-architecture/data/domain-complexity.csv","3dc34ed39f1fc79a51f7b8fc92087edb7cd85c4393a891d220f2e8dd5a101c70"
"csv","module-help","bmm","bmm/module-help.csv","70ce6fcf717801e5b3d47f4d0496b027c5dc4e1ce0a0508613f5a4abd828a354"
"csv","project-types","bmm","bmm/workflows/2-plan-workflows/create-prd/data/project-types.csv","7a01d336e940fb7a59ff450064fd1194cdedda316370d939264a0a0adcc0aca3"
"csv","project-types","bmm","bmm/workflows/3-solutioning/create-architecture/data/project-types.csv","12343635a2f11343edb1d46906981d6f5e12b9cad2f612e13b09460b5e5106e7"
"json","project-scan-report-schema","bmm","bmm/workflows/document-project/templates/project-scan-report-schema.json","8466965321f1db22f5013869636199f67e0113706283c285a7ffbbf5efeea321"
"md","architecture-decision-template","bmm","bmm/workflows/3-solutioning/create-architecture/architecture-decision-template.md","5d9adf90c28df61031079280fd2e49998ec3b44fb3757c6a202cda353e172e9f"
"md","checklist","bmm","bmm/workflows/4-implementation/code-review/checklist.md","e30d2890ba5c50777bbe04071f754e975a1d7ec168501f321a79169c4201dd28"
"md","checklist","bmm","bmm/workflows/4-implementation/correct-course/checklist.md","24a3f3e0108398d490dcfbe8669afc50226673cad494f16a668b515ab24bf709"
"md","checklist","bmm","bmm/workflows/4-implementation/create-story/checklist.md","0d26d8426331fd35b84ac2cb640f698c0b58d92ae40c658bdba78941b99b8aad"
"md","checklist","bmm","bmm/workflows/4-implementation/dev-story/checklist.md","630b68c6824a8785003a65553c1f335222b17be93b1bd80524c23b38bde1d8af"
"md","checklist","bmm","bmm/workflows/4-implementation/sprint-planning/checklist.md","80b10aedcf88ab1641b8e5f99c9a400c8fd9014f13ca65befc5c83992e367dd7"
"md","checklist","bmm","bmm/workflows/document-project/checklist.md","581b0b034c25de17ac3678db2dbafedaeb113de37ddf15a4df6584cf2324a7d7"
"md","checklist","bmm","bmm/workflows/qa-generate-e2e-tests/checklist.md","83cd779c6527ff34184dc86f9eebfc0a8a921aee694f063208aee78f80a8fb12"
"md","deep-dive-instructions","bmm","bmm/workflows/document-project/workflows/deep-dive-instructions.md","48b947d438c29a44bfda2ec3c05efcc987397055dc143a49d44c9d4174b7ac09"
"md","deep-dive-template","bmm","bmm/workflows/document-project/templates/deep-dive-template.md","6198aa731d87d6a318b5b8d180fc29b9aa53ff0966e02391c17333818e94ffe9"
"md","epics-template","bmm","bmm/workflows/3-solutioning/create-epics-and-stories/templates/epics-template.md","b8ec5562b2a77efd80c40eba0421bbaab931681552e5a0ff01cd93902c447ff7"
"md","full-scan-instructions","bmm","bmm/workflows/document-project/workflows/full-scan-instructions.md","419912da2b9ea5642c5eff1805f07b8dc29138c23fba0d1092da75506e5e29fb"
"md","index-template","bmm","bmm/workflows/document-project/templates/index-template.md","42c8a14f53088e4fda82f26a3fe41dc8a89d4bcb7a9659dd696136378b64ee90"
"md","instructions","bmm","bmm/workflows/4-implementation/correct-course/instructions.md","9e239bb0653ef06846b03458c4d341fe5b82b173344c0a65cf226b989ac91313"
"md","instructions","bmm","bmm/workflows/4-implementation/retrospective/instructions.md","8dbd18308a8bafc462759934125725222e09c48de2e9af3cde73789867293def"
"md","instructions","bmm","bmm/workflows/4-implementation/sprint-planning/instructions.md","888312e225ce1944c21a98fbf49c4f118967b3676b23919906bdeda1132a2833"
"md","instructions","bmm","bmm/workflows/4-implementation/sprint-status/instructions.md","d4b7107ddbe33fb5dfc68a626c55585837743c39d171c73052cd93532c35c11d"
"md","instructions","bmm","bmm/workflows/document-project/instructions.md","57762fb89b42df577da1188bc881cf3a8d75a1bcc60bce9e1ab2b8bcfdf29a66"
"md","instructions","bmm","bmm/workflows/qa-generate-e2e-tests/instructions.md","3f3505f847f943b2f4a0699017c16e15fa3782f51090a0332304d7248e020e0c"
"md","prd-purpose","bmm","bmm/workflows/2-plan-workflows/create-prd/data/prd-purpose.md","49c4641b91504bb14e3887029b70beacaff83a2de200ced4f8cb11c1356ecaee"
"md","prd-template","bmm","bmm/workflows/2-plan-workflows/create-prd/templates/prd-template.md","7ccccab9c06a626b7a228783b0b9b6e4172e9ec0b10d47bbfab56958c898f837"
"md","product-brief.template","bmm","bmm/workflows/1-analysis/create-product-brief/product-brief.template.md","ae0f58b14455efd75a0d97ba68596a3f0b58f350cd1a0ee5b1af69540f949781"
"md","project-context-template","bmm","bmm/data/project-context-template.md","facd60b71649247146700b1dc7d709fa0ae09487f7cf2b5ff8f5ce1b3a8427e8"
"md","project-context-template","bmm","bmm/workflows/generate-project-context/project-context-template.md","54e351394ceceb0ac4b5b8135bb6295cf2c37f739c7fd11bb895ca16d79824a5"
"md","project-overview-template","bmm","bmm/workflows/document-project/templates/project-overview-template.md","a7c7325b75a5a678dca391b9b69b1e3409cfbe6da95e70443ed3ace164e287b2"
"md","readiness-report-template","bmm","bmm/workflows/3-solutioning/check-implementation-readiness/templates/readiness-report-template.md","0da97ab1e38818e642f36dc0ef24d2dae69fc6e0be59924dc2dbf44329738ff6"
"md","research.template","bmm","bmm/workflows/1-analysis/research/research.template.md","507bb6729476246b1ca2fca4693986d286a33af5529b6cd5cb1b0bb5ea9926ce"
"md","source-tree-template","bmm","bmm/workflows/document-project/templates/source-tree-template.md","109bc335ebb22f932b37c24cdc777a351264191825444a4d147c9b82a1e2ad7a"
"md","step-01-discover","bmm","bmm/workflows/generate-project-context/steps/step-01-discover.md","4fa1d13ec3c6db8560b6b1316b822ec2163a58b114b44e9aff733b171ef50ebe"
"md","step-01-document-discovery","bmm","bmm/workflows/3-solutioning/check-implementation-readiness/steps/step-01-document-discovery.md","9204972d801c28a76433230942c81bacc171e6b6951d3226cea9e7ca5c9310f1"
"md","step-01-init","bmm","bmm/workflows/1-analysis/create-product-brief/steps/step-01-init.md","1d8a0a692c78b01535fad65b18c178a566ffa4c62d5b920c7cadea23ceb9697a"
"md","step-01-init","bmm","bmm/workflows/1-analysis/research/domain-steps/step-01-init.md","b21ec2af60870caba5447183424b720e98d1b9232526d26b8d7b11e9f165c52c"
"md","step-01-init","bmm","bmm/workflows/1-analysis/research/market-steps/step-01-init.md","b2b030bc59dfe516e67f19d66f9c6d44d745343ccf2d726d4106290704aecdbd"
"md","step-01-init","bmm","bmm/workflows/1-analysis/research/technical-steps/step-01-init.md","aa809f6b4f152940792f7b4d95f424aaf8c9ebd7628f553486d1bd55b68f9567"
"md","step-01-init","bmm","bmm/workflows/2-plan-workflows/create-prd/steps-c/step-01-init.md","6ad502fa5bf5639eaf6a42e8f0bc0f2b811e0a3fd2ae3a24ed3333365f99e23c"
"md","step-01-init","bmm","bmm/workflows/2-plan-workflows/create-ux-design/steps/step-01-init.md","e76defb842ed5478ec16b35d6566f5ab7ecd8118b92b240a40ab9a7a1e7d3d0b"
"md","step-01-init","bmm","bmm/workflows/3-solutioning/create-architecture/steps/step-01-init.md","b270fd38b2144acb87e07c7496929ddd096717fc6f141736c2e9d1f574458314"
"md","step-01-mode-detection","bmm","bmm/workflows/bmad-quick-flow/quick-dev/steps/step-01-mode-detection.md","4c3843e94643e8231adf460554d39551b0dcbd21ea875c20e55373f91d91381f"
"md","step-01-understand","bmm","bmm/workflows/bmad-quick-flow/quick-spec/steps/step-01-understand.md","24c2d3d3703a9330994a7008a93327702f9551453b0d373476ee83e15d10a514"
"md","step-01-validate-prerequisites","bmm","bmm/workflows/3-solutioning/create-epics-and-stories/steps/step-01-validate-prerequisites.md","5ba8ba972e8376339ed2c9b75e4f98125521af0270bb5dff6e47ec73137e01de"
"md","step-01b-continue","bmm","bmm/workflows/1-analysis/create-product-brief/steps/step-01b-continue.md","c32490fda5f5a3d5c278baad8e9f4bd793e03429a5bf42c31719e0d90c9a3973"
"md","step-01b-continue","bmm","bmm/workflows/2-plan-workflows/create-prd/steps-c/step-01b-continue.md","5afc3f34f6089a03e9c9a88f13cb41617a7ef163db15c2b39b31ab6908bfa7d6"
"md","step-01b-continue","bmm","bmm/workflows/2-plan-workflows/create-ux-design/steps/step-01b-continue.md","07703fb9ddacf143e7f9cd21e69edc7cf087052d1dc5841674c122d18bb3b956"
"md","step-01b-continue","bmm","bmm/workflows/3-solutioning/create-architecture/steps/step-01b-continue.md","438f14332117c74e5d12f7630690ada4eae4fdcd04e4f47dc689915fe757f101"
"md","step-02-context","bmm","bmm/workflows/3-solutioning/create-architecture/steps/step-02-context.md","647fe1b6acc7f8cc8520bdb83654163db52328b6556c740880f42f119c9e1dcf"
"md","step-02-context-gathering","bmm","bmm/workflows/bmad-quick-flow/quick-dev/steps/step-02-context-gathering.md","1c4df806dea12554aae0240e5baf5c1cffa5948d0998c8e2c4a93df40d7c42ef"
"md","step-02-customer-behavior","bmm","bmm/workflows/1-analysis/research/market-steps/step-02-customer-behavior.md","93d20ddbd5506bc1d604c3ce56b42185bfe6f34402c45760e4cb7bec627f52e9"
"md","step-02-design-epics","bmm","bmm/workflows/3-solutioning/create-epics-and-stories/steps/step-02-design-epics.md","2c18d76a9b73eae8b9f552cd4252f8208a0c017624ddbaf6bcbe7b28ddfa217e"
"md","step-02-discovery","bmm","bmm/workflows/2-plan-workflows/create-prd/steps-c/step-02-discovery.md","4bd36411c2fa6d49057ff88d31bb70584dc572f3dd37a875ef6ce8c800d6ad71"
"md","step-02-discovery","bmm","bmm/workflows/2-plan-workflows/create-ux-design/steps/step-02-discovery.md","e24f22831bc612991a8b173dd2dbb1c887823041a9d83228f79c3fe06de680ba"
"md","step-02-domain-analysis","bmm","bmm/workflows/1-analysis/research/domain-steps/step-02-domain-analysis.md","9c4eabbed87b6bfc4636c98e96e551f69af7ef78a92b3f99ac6faa90a921c4c5"
"md","step-02-generate","bmm","bmm/workflows/generate-project-context/steps/step-02-generate.md","f881e84c685a356e54c57e8d26efbaaa91df3c1cdc1945b32ffd3c8fbbee6983"
"md","step-02-investigate","bmm","bmm/workflows/bmad-quick-flow/quick-spec/steps/step-02-investigate.md","bacc264e95c273d17c7f9ffcf820b5924bab48e04824da69f125aadb86d70273"
"md","step-02-prd-analysis","bmm","bmm/workflows/3-solutioning/check-implementation-readiness/steps/step-02-prd-analysis.md","f8c4f293c0a040fa9f73829ffeabfa073d0a8ade583adaefb26431ec83a76398"
"md","step-02-technical-overview","bmm","bmm/workflows/1-analysis/research/technical-steps/step-02-technical-overview.md","a8b8c49649087e8d5afa278840bfe3ed2e8203c820dbe7878ac7571956d940e0"
"md","step-02-vision","bmm","bmm/workflows/1-analysis/create-product-brief/steps/step-02-vision.md","4eb2d30f3b05c725490d8d298ab1ccdf638019c0b0e39996fdcdbf1fda5b7933"
"md","step-02b-vision","bmm","bmm/workflows/2-plan-workflows/create-prd/steps-c/step-02b-vision.md","04b8122cdb9438fdbfb5480934bdbd288f41cab9ed2aa362c910e362a29027a4"
"md","step-02c-executive-summary","bmm","bmm/workflows/2-plan-workflows/create-prd/steps-c/step-02c-executive-summary.md","52ee677ed43cc034945bb0761c8162d9070087550ef4b9070d3cf6abba74ea0e"
"md","step-03-competitive-landscape","bmm","bmm/workflows/1-analysis/research/domain-steps/step-03-competitive-landscape.md","93b8fb9b174cc8dca87bd18dafda7a6ee23727874e7eb86106fd40d7daeb6fb0"
"md","step-03-complete","bmm","bmm/workflows/generate-project-context/steps/step-03-complete.md","cf8d1d1904aeddaddb043c3c365d026cd238891cd702c2b78bae032a8e08ae17"
"md","step-03-core-experience","bmm","bmm/workflows/2-plan-workflows/create-ux-design/steps/step-03-core-experience.md","d44b618b75d60e3fc26b1f5ed1f5f92613194579914e522fbd09d40ab3a3e1f3"
"md","step-03-create-stories","bmm","bmm/workflows/3-solutioning/create-epics-and-stories/steps/step-03-create-stories.md","e6deb22291f05a96e56f5cb3ab88eca3bb6df564208edd8fcc693d4c27139f29"
"md","step-03-customer-pain-points","bmm","bmm/workflows/1-analysis/research/market-steps/step-03-customer-pain-points.md","4a224fb63d2814a1e2df9b82e42cb2573dc7ffacdf4e61a14a4763c433431a16"
"md","step-03-epic-coverage-validation","bmm","bmm/workflows/3-solutioning/check-implementation-readiness/steps/step-03-epic-coverage-validation.md","f425bcac163b9ea63a004039ff65fffea3499d9e01a2821bb11e0e17e6b6fc52"
"md","step-03-execute","bmm","bmm/workflows/bmad-quick-flow/quick-dev/steps/step-03-execute.md","852fe6239e0322081d5208be4737bad0c15ab08f0c8b93fbddb94491b9931a01"
"md","step-03-generate","bmm","bmm/workflows/bmad-quick-flow/quick-spec/steps/step-03-generate.md","19f5d60629298536f98f1ed1025002836e02a49a30aebed0ed300a40f64f5dd6"
"md","step-03-integration-patterns","bmm","bmm/workflows/1-analysis/research/technical-steps/step-03-integration-patterns.md","bb034b20b8c325c1948aa1c7350f0b7e68601a08ec72eb09884e4dae5d94554d"
"md","step-03-starter","bmm","bmm/workflows/3-solutioning/create-architecture/steps/step-03-starter.md","ad3ed7961446fe69249d46158df290d1aa8846ef490da1f93b5edf4ac80f23d1"
"md","step-03-success","bmm","bmm/workflows/2-plan-workflows/create-prd/steps-c/step-03-success.md","188c00f792f3dc6ef4f0f366743b810796dcbc79404327a5aa52da14cc41da70"
"md","step-03-users","bmm","bmm/workflows/1-analysis/create-product-brief/steps/step-03-users.md","1a73be748142bc05a468610f3c824442c794f6d81fc159cebf2497b2c3d3d2af"
"md","step-04-architectural-patterns","bmm","bmm/workflows/1-analysis/research/technical-steps/step-04-architectural-patterns.md","81e4e6f5c6048379ea45d0d4288a7247ff46855653ec6fccf5bbef0e78778ca9"
"md","step-04-customer-decisions","bmm","bmm/workflows/1-analysis/research/market-steps/step-04-customer-decisions.md","8a0c46828854693a7de16e148c3c9eb08b42409a2676b9a44b3cdffe06a577b3"
"md","step-04-decisions","bmm","bmm/workflows/3-solutioning/create-architecture/steps/step-04-decisions.md","d8cfd42f2fc9ef52337673c6f57d9cb3fc21e06ba4459ec7e6f68d68c4362649"
"md","step-04-emotional-response","bmm","bmm/workflows/2-plan-workflows/create-ux-design/steps/step-04-emotional-response.md","003e18f5f89e672d5b34aa95b31d10865ec3a1a32117f03c2402258d7c18f618"
"md","step-04-final-validation","bmm","bmm/workflows/3-solutioning/create-epics-and-stories/steps/step-04-final-validation.md","d358094af4a357780649ddb2a89a0317b9fc776050199c3feb126090f0b6ff49"
"md","step-04-journeys","bmm","bmm/workflows/2-plan-workflows/create-prd/steps-c/step-04-journeys.md","3367b54b32865c6c764ce9872db06195551c16aab9f7d57d16e0e8f0f6415aae"
"md","step-04-metrics","bmm","bmm/workflows/1-analysis/create-product-brief/steps/step-04-metrics.md","52eaa6538732505db392527db1179e2a5cc95bcb9721de0f6edca4f48af0d9d1"
"md","step-04-regulatory-focus","bmm","bmm/workflows/1-analysis/research/domain-steps/step-04-regulatory-focus.md","179a82a4fdc32274a2ad3ce501b1b54ca1925b7ce9bcaad35503a9dd080e866a"
"md","step-04-review","bmm","bmm/workflows/bmad-quick-flow/quick-spec/steps/step-04-review.md","aa246ba5793f3a1c6dd434b388b41ccfb9e675bb55664a900a4eb2486e2a40e3"
"md","step-04-self-check","bmm","bmm/workflows/bmad-quick-flow/quick-dev/steps/step-04-self-check.md","0dde0d5c75c3884d6b4d3380263721ad63e02c3d438a100cba3d5da4957c271b"
"md","step-04-ux-alignment","bmm","bmm/workflows/3-solutioning/check-implementation-readiness/steps/step-04-ux-alignment.md","d2e15adf2aecc2c72f9bb9051e94042fc522fd7cfb16376f41bdcdd294319703"
"md","step-05-adversarial-review","bmm","bmm/workflows/bmad-quick-flow/quick-dev/steps/step-05-adversarial-review.md","57adb9395ed45b870bdbc1cad1aaeb065cd3bd7a4a6b0f94b193cb02926495eb"
"md","step-05-competitive-analysis","bmm","bmm/workflows/1-analysis/research/market-steps/step-05-competitive-analysis.md","ff6f606a80ffaf09aa325e38a4ceb321b97019e6542241b2ed4e8eb38b35efa8"
"md","step-05-domain","bmm","bmm/workflows/2-plan-workflows/create-prd/steps-c/step-05-domain.md","65db86b8bd1f9a899a3cb0e8a3d52aeeb2cd8d8c57196479f6353bd3ae0f4da6"
"md","step-05-epic-quality-review","bmm","bmm/workflows/3-solutioning/check-implementation-readiness/steps/step-05-epic-quality-review.md","e7fd60676d6ade485de77ce2dd4229811912594cb924d6c15bae5d9bdf105a7d"
"md","step-05-implementation-research","bmm","bmm/workflows/1-analysis/research/technical-steps/step-05-implementation-research.md","438a235bcb2dbbacb4c38d440b1636a208d4cbe8b5d109cb850cbdfb564b9071"
"md","step-05-inspiration","bmm","bmm/workflows/2-plan-workflows/create-ux-design/steps/step-05-inspiration.md","dadb7b2199dea4765cfd6cdeb7472937356cd558003e6562cec7c1b954a2cda9"
"md","step-05-patterns","bmm","bmm/workflows/3-solutioning/create-architecture/steps/step-05-patterns.md","6d64951770c748386274c9e12faec8aedded72031160140fc3380c976fbe0b7c"
"md","step-05-scope","bmm","bmm/workflows/1-analysis/create-product-brief/steps/step-05-scope.md","1a2a0698f8e044b6ce2e5efc9ed42f86dc52fa350315abff10f1dbd272dbcd95"
"md","step-05-technical-trends","bmm","bmm/workflows/1-analysis/research/domain-steps/step-05-technical-trends.md","210ef479757881d418db392ac38442d4df9033dedab7bdf8965503a83430ab55"
"md","step-06-complete","bmm","bmm/workflows/1-analysis/create-product-brief/steps/step-06-complete.md","dca587ed178433fdcc4ddb543b3dfd83e66a1e3ae7057ded96e353509e1c2dd0"
"md","step-06-design-system","bmm","bmm/workflows/2-plan-workflows/create-ux-design/steps/step-06-design-system.md","2cf18704a2e46ebd344ddc5197e9a2584d5735997e51a79aa9a18f6356c0620a"
"md","step-06-final-assessment","bmm","bmm/workflows/3-solutioning/check-implementation-readiness/steps/step-06-final-assessment.md","b6f5792beab279278c4c636c71252e9865b3aed755f78d0ae3429848b05a4d50"
"md","step-06-innovation","bmm","bmm/workflows/2-plan-workflows/create-prd/steps-c/step-06-innovation.md","67bd616f34f56bcd01d68f9254ca234bf7b5f7d4dae21c562078010b87d47207"
"md","step-06-research-completion","bmm","bmm/workflows/1-analysis/research/market-steps/step-06-research-completion.md","ddc239b81dc76148b5b41741b3ca0d6d4a1f781e1db5e50d2c6b4222dd64eda9"
"md","step-06-research-synthesis","bmm","bmm/workflows/1-analysis/research/domain-steps/step-06-research-synthesis.md","ae7ea9eec7f763073e4e1ec7ef0dd247a2c9c8f8172c84cbcb0590986c67caa2"
"md","step-06-research-synthesis","bmm","bmm/workflows/1-analysis/research/technical-steps/step-06-research-synthesis.md","01d94ed48e86317754d1dafb328d57bd1ce8832c1f443bfd62413bbd07dcf3a1"
"md","step-06-resolve-findings","bmm","bmm/workflows/bmad-quick-flow/quick-dev/steps/step-06-resolve-findings.md","e657af6e3687e15852c860f018b73aa263bdcf6b9d544771a8c0c715581a2c99"
"md","step-06-structure","bmm","bmm/workflows/3-solutioning/create-architecture/steps/step-06-structure.md","efeb67ef10fab2050fe0a4845c868dc6ae036c98302daca22824436ea05b09e3"
"md","step-07-defining-experience","bmm","bmm/workflows/2-plan-workflows/create-ux-design/steps/step-07-defining-experience.md","d76323e59961efede2f4cb32c6837190fe4b218cf63d21f7a956f1acf92203c8"
"md","step-07-project-type","bmm","bmm/workflows/2-plan-workflows/create-prd/steps-c/step-07-project-type.md","2c2aae55e93bf31b3882cc6c24336cfc3cb1a753b96aa62121fff024e1d28fc0"
"md","step-07-validation","bmm","bmm/workflows/3-solutioning/create-architecture/steps/step-07-validation.md","a01726c23d82ca08915b1236b27a20fce6e35bf6ea858647579af405fbba88df"
"md","step-08-complete","bmm","bmm/workflows/3-solutioning/create-architecture/steps/step-08-complete.md","1ef125094d5350d57a12c3001eee4e602cab92f60613f8d5bf1b9dcaabd80932"
"md","step-08-scoping","bmm","bmm/workflows/2-plan-workflows/create-prd/steps-c/step-08-scoping.md","c6fd282a7ce026b4e50264032fe6489e99b14a1ac1b6db519e17ed82d9675ab3"
"md","step-08-visual-foundation","bmm","bmm/workflows/2-plan-workflows/create-ux-design/steps/step-08-visual-foundation.md","6e4546a98e0fc92c2afd6c55d278a71133c598dfd02bd6fc8498d06084a075e2"
"md","step-09-design-directions","bmm","bmm/workflows/2-plan-workflows/create-ux-design/steps/step-09-design-directions.md","cf00ac2918ee4f255bfbd9eb0a326f23edc705018a8ea0e40c8f1e0a70e0a554"
"md","step-09-functional","bmm","bmm/workflows/2-plan-workflows/create-prd/steps-c/step-09-functional.md","20e671f3f4731d9cd9aadd6bc4f88adff01859604fed44ede88c231b4afdc279"
"md","step-10-nonfunctional","bmm","bmm/workflows/2-plan-workflows/create-prd/steps-c/step-10-nonfunctional.md","1f0ede8c828a8b213bb8954e4c42aed7b1c42921264eb6a5c132f563a5cc9e07"
"md","step-10-user-journeys","bmm","bmm/workflows/2-plan-workflows/create-ux-design/steps/step-10-user-journeys.md","ae69afbc497dfd9a4d1197182d67090151f21463994fee1c404bf5ad1cd12331"
"md","step-11-component-strategy","bmm","bmm/workflows/2-plan-workflows/create-ux-design/steps/step-11-component-strategy.md","4c40ceb394d6595c192942a5b2d8622f2cbbcd7a3cf1b96156c61769b94b2816"
"md","step-11-polish","bmm","bmm/workflows/2-plan-workflows/create-prd/steps-c/step-11-polish.md","69b2b889f348cf53cb5f1f34021d74be4a68ff6aeed7b659b1db04a1cc52b62c"
"md","step-12-complete","bmm","bmm/workflows/2-plan-workflows/create-prd/steps-c/step-12-complete.md","9d2dfc370f8da59f4cf51f945e181df745ab51af3a7ae776e1ae383b00505692"
"md","step-12-ux-patterns","bmm","bmm/workflows/2-plan-workflows/create-ux-design/steps/step-12-ux-patterns.md","220721526de1bc0d1b8efcdd15e33526e4dccfd7e2968d0518b0501d50e8d818"
"md","step-13-responsive-accessibility","bmm","bmm/workflows/2-plan-workflows/create-ux-design/steps/step-13-responsive-accessibility.md","70ce19ef0c3ccef894c43e7c206b70a572995267f6b280402270fc37a9bff5d6"
"md","step-14-complete","bmm","bmm/workflows/2-plan-workflows/create-ux-design/steps/step-14-complete.md","3b88fecda2d6393cf4c612e0e29ce8554039cae5e3f0bf35f8be3bc19ac9f000"
"md","step-e-01-discovery","bmm","bmm/workflows/2-plan-workflows/create-prd/steps-e/step-e-01-discovery.md","2bc88c9480ac5986c06672533ab2080b1ee01086033c8e441a8c80551c8a99ee"
"md","step-e-01b-legacy-conversion","bmm","bmm/workflows/2-plan-workflows/create-prd/steps-e/step-e-01b-legacy-conversion.md","e6bbe9020e6986a620fc0299a48e6c31c9d1ec14691df11be71baeb79837bc92"
"md","step-e-02-review","bmm","bmm/workflows/2-plan-workflows/create-prd/steps-e/step-e-02-review.md","b2660d88a445dc3f8f168f96ca92d4a1a36949e3b39fbf6cda5c77129636d9b1"
"md","step-e-03-edit","bmm","bmm/workflows/2-plan-workflows/create-prd/steps-e/step-e-03-edit.md","dfcc3e4f0b1ec050d4985af04dc02b28174a995e95327ca01ae4b8cac10cc1e5"
"md","step-e-04-complete","bmm","bmm/workflows/2-plan-workflows/create-prd/steps-e/step-e-04-complete.md","a1100f8639120311cbaf5a5a880db4e137216bc4bd0110b0926004107a99d3c3"
"md","step-v-01-discovery","bmm","bmm/workflows/2-plan-workflows/create-prd/steps-v/step-v-01-discovery.md","bd3353377451ab6ebffdb94895c4e089fb2e5dce4ecb33c5b69f42f71022ea1f"
"md","step-v-02-format-detection","bmm","bmm/workflows/2-plan-workflows/create-prd/steps-v/step-v-02-format-detection.md","251ea5a1cf7779db2dc39d5d8317976a27f84b421359c1974ae96c0943094341"
"md","step-v-02b-parity-check","bmm","bmm/workflows/2-plan-workflows/create-prd/steps-v/step-v-02b-parity-check.md","3481beae212bb0140c105d0ae87bb9714859c93a471048048512fd1278da2fcd"
"md","step-v-03-density-validation","bmm","bmm/workflows/2-plan-workflows/create-prd/steps-v/step-v-03-density-validation.md","5b95ecd032fb65f86b7eee7ce7c30c997dc2a8b5e4846d88c2853538591a9e40"
"md","step-v-04-brief-coverage-validation","bmm","bmm/workflows/2-plan-workflows/create-prd/steps-v/step-v-04-brief-coverage-validation.md","97eb248c7d67e6e5121dd0b020409583998fba433799ea4c5c8cb40c7ff9c7c1"
"md","step-v-05-measurability-validation","bmm","bmm/workflows/2-plan-workflows/create-prd/steps-v/step-v-05-measurability-validation.md","2f331ee6d4f174dec0e4b434bf7691bfcf3a13c6ee0c47a65989badaa6b6a28c"
"md","step-v-06-traceability-validation","bmm","bmm/workflows/2-plan-workflows/create-prd/steps-v/step-v-06-traceability-validation.md","970ea67486211a611a701e1490ab7e8f2f98060a9f78760b6ebfdb9f37743c74"
"md","step-v-07-implementation-leakage-validation","bmm","bmm/workflows/2-plan-workflows/create-prd/steps-v/step-v-07-implementation-leakage-validation.md","f75d1d808fdf3d61b15bea55418b82df747f45902b6b22fe541e83b4ea3fa465"
"md","step-v-08-domain-compliance-validation","bmm","bmm/workflows/2-plan-workflows/create-prd/steps-v/step-v-08-domain-compliance-validation.md","a1902baaf4eaaf946e5c2c2101a1ac46f8ee4397e599218b8dc030cd00c97512"
"md","step-v-09-project-type-validation","bmm","bmm/workflows/2-plan-workflows/create-prd/steps-v/step-v-09-project-type-validation.md","d53e95264625335184284d3f9d0fc6e7674f67bdf97e19362fc33df4bea7f096"
"md","step-v-10-smart-validation","bmm","bmm/workflows/2-plan-workflows/create-prd/steps-v/step-v-10-smart-validation.md","22d48a72bc599f45bbf8c3e81d651d3a1265a6450866c0689bf287f43d7874a4"
"md","step-v-11-holistic-quality-validation","bmm","bmm/workflows/2-plan-workflows/create-prd/steps-v/step-v-11-holistic-quality-validation.md","1022a1454aadff28e39fd5fa71dd76d8eefccfe438b9ef517a19b44d935c0f5b"
"md","step-v-12-completeness-validation","bmm","bmm/workflows/2-plan-workflows/create-prd/steps-v/step-v-12-completeness-validation.md","c966933a0ca3753db75591325cef4d4bdaf9639a1a63f9438758d32f7e1a1dda"
"md","step-v-13-report-complete","bmm","bmm/workflows/2-plan-workflows/create-prd/steps-v/step-v-13-report-complete.md","d3ab449d182da452b9ada19a700d274c2aeb8a310f4fedfc35980c17260b7611"
"md","tech-spec-template","bmm","bmm/workflows/bmad-quick-flow/quick-spec/tech-spec-template.md","6e0ac4991508fec75d33bbe36197e1576d7b2a1ea7ceba656d616e7d7dadcf03"
"md","template","bmm","bmm/workflows/4-implementation/create-story/template.md","29ba697368d77e88e88d0e7ac78caf7a78785a7dcfc291082aa96a62948afb67"
"md","ux-design-template","bmm","bmm/workflows/2-plan-workflows/create-ux-design/ux-design-template.md","ffa4b89376cd9db6faab682710b7ce755990b1197a8b3e16b17748656d1fca6a"
"md","workflow","bmm","bmm/workflows/1-analysis/create-product-brief/workflow.md","a06eed7e98ad4ebf15268cf6ba9c1dca7130f2791d9520bcf490118e7cb37c6b"
"md","workflow","bmm","bmm/workflows/2-plan-workflows/create-ux-design/workflow.md","9d8193f300bc4a8546599e2bc0fb8318358a25b2c357ad36cc4f7b07b37d9801"
"md","workflow","bmm","bmm/workflows/3-solutioning/check-implementation-readiness/workflow.md","6ca71e89d4d0a754991b1f7c7c0548e58a643fd4fdc38b9fa9ab7837a5ee26a1"
"md","workflow","bmm","bmm/workflows/3-solutioning/create-architecture/workflow.md","dbdebaff047cc290c0162cc1ecc751b8d81ae65c913ae1645df5704e326904d2"
"md","workflow","bmm","bmm/workflows/3-solutioning/create-epics-and-stories/workflow.md","87288e6e1c68661f09a0995722ab856d4e867b38c0d1d66c230c817b86696737"
"md","workflow","bmm","bmm/workflows/bmad-quick-flow/quick-dev/workflow.md","bdb60e58d7cf3b2de6e8b769649def8c8459dec0a4aea2bbb1a105997f5c5254"
"md","workflow","bmm","bmm/workflows/bmad-quick-flow/quick-spec/workflow.md","9c780b5e2d51e2e011ea3170abbfb6d86cb5dbaa6108a48d5b4f81c498477aa2"
"md","workflow","bmm","bmm/workflows/generate-project-context/workflow.md","9e82d91e3d0837c7fc3c67c29d2b8ae6a73b1bdab3742b4b540b9e896fe80dbf"
"md","workflow-create-prd","bmm","bmm/workflows/2-plan-workflows/create-prd/workflow-create-prd.md","3bfc086db2fcc5acc6f1fe57d1a3d564f0426483dbbaa30fcb89d66d3fc9f2b4"
"md","workflow-domain-research","bmm","bmm/workflows/1-analysis/research/workflow-domain-research.md","3b34f4b03b9e8c1903bdb75cdc40054124c5678bb0d05cd19ab5385d4b155498"
"md","workflow-edit-prd","bmm","bmm/workflows/2-plan-workflows/create-prd/workflow-edit-prd.md","36a5767d4a3aab9262c8a22ee7813d4ae93f825bc7b40349e2eeb93798ed1a3c"
"md","workflow-market-research","bmm","bmm/workflows/1-analysis/research/workflow-market-research.md","e5a9741b45c4f25f5bab1c4b43df1229cd753db55081a7deb16bccd5bca14c97"
"md","workflow-technical-research","bmm","bmm/workflows/1-analysis/research/workflow-technical-research.md","16abf73babf6d9a22c887f3b0066f0fc19f185bf09f6d9e269ba2045de512632"
"md","workflow-validate-prd","bmm","bmm/workflows/2-plan-workflows/create-prd/workflow-validate-prd.md","5841a105b3880c1a917dcc2ac4c05e5475dca9f88eae7a2235f7fe9bf5e52b4e"
"xml","instructions","bmm","bmm/workflows/4-implementation/code-review/instructions.xml","1a6f0ae7d69a5c27b09de3efab2b205a007b466976acdeeaebf7f3abec7feb68"
"xml","instructions","bmm","bmm/workflows/4-implementation/create-story/instructions.xml","d4edc80bd7ccc0f7a844ecb575016b79380e255a236d1182f5f7312a104f0e3a"
"xml","instructions","bmm","bmm/workflows/4-implementation/dev-story/instructions.xml","b177c039072ad5e8a54374e6a17a2074dd608fd4da047bef528e362919a0fde8"
"yaml","config","bmm","bmm/config.yaml","02e897a04589b058c38b6ef7a41804269895a6d3ba798dab49d9a3c149c68e5f"
"yaml","deep-dive","bmm","bmm/workflows/document-project/workflows/deep-dive.yaml","efa8d70a594b7580f5312340f93da16f9e106419b1b1d06d2e23d6a30ef963fa"
"yaml","full-scan","bmm","bmm/workflows/document-project/workflows/full-scan.yaml","9d71cce37de1c3f43a7122f3c9705abdf3d677141698a2ab1b89a225f78f3fa9"
"yaml","sprint-status-template","bmm","bmm/workflows/4-implementation/sprint-planning/sprint-status-template.yaml","0d7fe922f21d4f00e538c265ff90e470c3e2eca761e663d84b7a1320b2f25980"
"yaml","team-fullstack","bmm","bmm/teams/team-fullstack.yaml","da8346b10dfad8e1164a11abeb3b0a84a1d8b5f04e01e8490a44ffca477a1b96"
"yaml","workflow","bmm","bmm/workflows/4-implementation/code-review/workflow.yaml","2b90165fc0645f65563be30ce634bdee9196cf44bbd3ce413421c744778f03e8"
"yaml","workflow","bmm","bmm/workflows/4-implementation/correct-course/workflow.yaml","04802cb6505ffd33b60e4516f3f56f10b50a7196b30f4d7bf44fc9a73a6d4c81"
"yaml","workflow","bmm","bmm/workflows/4-implementation/create-story/workflow.yaml","9808a405952b9be16ad5ce4c54e94261d2b0286f143fe3261b41d6029cbfc9b6"
"yaml","workflow","bmm","bmm/workflows/4-implementation/dev-story/workflow.yaml","4ca2e1d8e701463c30eec0a3fbd2c9c50fcf61a0f0f37f73b1eb9a4917013121"
"yaml","workflow","bmm","bmm/workflows/4-implementation/retrospective/workflow.yaml","85cf2406ef888a12833722278c59db0e8df3df631e6eee4e54b7321cbcda9758"
"yaml","workflow","bmm","bmm/workflows/4-implementation/sprint-planning/workflow.yaml","577647f6804954af8a97dc57468a84ef49aec506afab577dc400dc9b5c7fa68e"
"yaml","workflow","bmm","bmm/workflows/4-implementation/sprint-status/workflow.yaml","d74988fc54d50e121d0d6b56bf447f076b3cd2ed06fd640c350d0a06809221da"
"yaml","workflow","bmm","bmm/workflows/document-project/workflow.yaml","2b89dc38c3f37446437ec21fd7d36bf2718687255d530cf9820cece534af4c8f"
"yaml","workflow","bmm","bmm/workflows/qa-generate-e2e-tests/workflow.yaml","578ee08f5fcfae83a0945cbc1a1678a94e5e4d6159c385aea8e3dd9f8920e290"
"csv","default-party","cis","cis/teams/default-party.csv","e27e5a0480f41760da2fde5aeeccd425dae9c4a654105aab329ee1562cc83392"
"csv","design-methods","cis","cis/workflows/bmad-cis-design-thinking/design-methods.csv","97a1fa87aaa355ce855c2c4e3bbfde59cb4ed2166cf9896496af786f10c13459"
"csv","innovation-frameworks","cis","cis/workflows/bmad-cis-innovation-strategy/innovation-frameworks.csv","bd1d191062302353d2562a54751f8f263ce47e143202e2c0fe41315c2be9eb95"
"csv","module-help","cis","cis/module-help.csv","7a7a8d3772bc73578aa7bada497010b691dcc3830587887cafcf503c0bbbbe22"
"csv","solving-methods","cis","cis/workflows/bmad-cis-problem-solving/solving-methods.csv","f3a380b12b21ec2410d1ac44bc8ca1970b0a04a21bfe3dd0370ac7ed1ec0d2c0"
"csv","story-types","cis","cis/workflows/bmad-cis-storytelling/story-types.csv","8cf3d49d3ce771f30b6d9c0c936d35f92b8af23e0962c876df832c02d605f1ce"
"md","README","cis","cis/workflows/README.md","9bf276f73619d8fd8cbe6cf371e300f6c4654e0fe52295210152324b5a990380"
"md","SKILL","cis","cis/workflows/bmad-cis-design-thinking/SKILL.md","6402dd05b1a9f035f7c9d474ca41d0a132069d4412414ae27dae62ea1882d321"
"md","SKILL","cis","cis/workflows/bmad-cis-innovation-strategy/SKILL.md","d175c0fd1a84225cba24546e7a47347afd59e89619b438a81bfc108e89060de6"
"md","SKILL","cis","cis/workflows/bmad-cis-problem-solving/SKILL.md","77327ef9062220ce936b7e74c7b995a01d8997b7390634ef0778f22ac17b6b8c"
"md","SKILL","cis","cis/workflows/bmad-cis-storytelling/SKILL.md","a6169e1b9501c08066f91857c3dbf64da1fa7fe1bf131a839a5e3ea95a340763"
"md","template","cis","cis/workflows/bmad-cis-design-thinking/template.md","7bcf6d0cd09de3c0d91f3f49ee280177365dabb64ed814b97e83e73082643c37"
"md","template","cis","cis/workflows/bmad-cis-innovation-strategy/template.md","ab574d69fa13e21c806101a9089563b541013f6df44255d800ea24d4cb6d7136"
"md","template","cis","cis/workflows/bmad-cis-problem-solving/template.md","c46fbdf42a1d9ad732f562e4add05020198ffc7ba18d134718e1cd960752c390"
"md","template","cis","cis/workflows/bmad-cis-storytelling/template.md","290615dbd530dc13843a87ebedd107b390bcfd57cf68df67cd250dea8f49b2dd"
"md","workflow","cis","cis/workflows/bmad-cis-design-thinking/workflow.md","19cba5bbf522b7d9c2865f0a7270abe739fc54b600e97e015c1bbc45274e757e"
"md","workflow","cis","cis/workflows/bmad-cis-innovation-strategy/workflow.md","9de30e25299963f0d1633fd51c6b4511ad838ac9b79ac050ee43f902718f5b04"
"md","workflow","cis","cis/workflows/bmad-cis-problem-solving/workflow.md","ce8fdba34e03c0fa3762bcc5ff8c962502547926075aa1498c5c7d2651ba0f0a"
"md","workflow","cis","cis/workflows/bmad-cis-storytelling/workflow.md","7e53145fdd66da6151d6bfae46989cb96147a9a3806222453a4a592f182cbcdb"
"yaml","bmad-skill-manifest","cis","cis/workflows/bmad-cis-design-thinking/bmad-skill-manifest.yaml","fba78c307309490c064510a2d87d29e608120d600a705fd1d6b110adbdb68e63"
"yaml","bmad-skill-manifest","cis","cis/workflows/bmad-cis-innovation-strategy/bmad-skill-manifest.yaml","fba78c307309490c064510a2d87d29e608120d600a705fd1d6b110adbdb68e63"
"yaml","bmad-skill-manifest","cis","cis/workflows/bmad-cis-problem-solving/bmad-skill-manifest.yaml","fba78c307309490c064510a2d87d29e608120d600a705fd1d6b110adbdb68e63"
"yaml","bmad-skill-manifest","cis","cis/workflows/bmad-cis-storytelling/bmad-skill-manifest.yaml","fba78c307309490c064510a2d87d29e608120d600a705fd1d6b110adbdb68e63"
"yaml","config","cis","cis/config.yaml","85f84bda78df985cf757e6e2fb8923c5fb357da25223915893a56961b89eb6a6"
"yaml","creative-squad","cis","cis/teams/creative-squad.yaml","5e1033c95a9679e2f8688be4409104aa0b98c6503abb0512447b6d7541dd4f61"
"csv","brain-methods","core","core/workflows/brainstorming/brain-methods.csv","0ab5878b1dbc9e3fa98cb72abfc3920a586b9e2b42609211bb0516eefd542039"
"csv","methods","core","core/workflows/advanced-elicitation/methods.csv","e08b2e22fec700274982e37be608d6c3d1d4d0c04fa0bae05aa9dba2454e6141"
"csv","module-help","core","core/module-help.csv","4227d475748e8067aeae3e1a67d7b6235c109da13b2ef9131db930083dcb348d"
"md","help","core","core/tasks/help.md","75cc5cc88755cd609207cfda08fb9d76a6d5268784ba7f08aa2aa1904fe6748c"
"md","step-01-agent-loading","core","core/workflows/party-mode/steps/step-01-agent-loading.md","04ab6b6247564f7edcd5c503f5ca7d27ae688b09bbe2e24345550963a016e9f9"
"md","step-01-session-setup","core","core/workflows/brainstorming/steps/step-01-session-setup.md","bc09cc22a0465b316ff3c13903b753768fa31d83abd3f9fc328631db63dc0cf8"
"md","step-01b-continue","core","core/workflows/brainstorming/steps/step-01b-continue.md","d76a406e0ff0a0e58006ec671b56f19a059e98cfebba4c0724ae6ccdd9303e7f"
"md","step-02-discussion-orchestration","core","core/workflows/party-mode/steps/step-02-discussion-orchestration.md","a8a79890bd03237e20f1293045ecf06f9a62bc590f5c2d4f88e250cee40abb0b"
"md","step-02a-user-selected","core","core/workflows/brainstorming/steps/step-02a-user-selected.md","558b162466745b92687a5d6e218f243a98436dd177b2d5544846c5ff4497cc94"
"md","step-02b-ai-recommended","core","core/workflows/brainstorming/steps/step-02b-ai-recommended.md","99aa935279889f278dcb2a61ba191600a18e9db356dd8ce62f0048d3c37c9531"
"md","step-02c-random-selection","core","core/workflows/brainstorming/steps/step-02c-random-selection.md","f188c260c321c7f026051fefcd267a26ee18ce2a07f64bab7f453c0c3e483316"
"md","step-02d-progressive-flow","core","core/workflows/brainstorming/steps/step-02d-progressive-flow.md","a28c7a3edf34ceb0eea203bf7dc80f39ca04974f6d1ec243f0a088281b2e55de"
"md","step-03-graceful-exit","core","core/workflows/party-mode/steps/step-03-graceful-exit.md","bdecc33004d73238ca05d8fc9d6b86cba89833630956f53ecd82ec3715c5f0da"
"md","step-03-technique-execution","core","core/workflows/brainstorming/steps/step-03-technique-execution.md","9e6abceec5f774c57cd5205e30a1f24a95441131dbffcae9c3dce72111f95ceb"
"md","step-04-idea-organization","core","core/workflows/brainstorming/steps/step-04-idea-organization.md","5224490c33bf4b23b2897f3bcf12abe0b1ced306541dd60c21df0ce9fc65d1ac"
"md","template","core","core/workflows/brainstorming/template.md","5c99d76963eb5fc21db96c5a68f39711dca7c6ed30e4f7d22aedee9e8bb964f9"
"md","workflow","core","core/workflows/brainstorming/workflow.md","6aec1da006192f1909e00533e242f3b0262725c34bed47159dd10086c6d50ebd"
"md","workflow","core","core/workflows/party-mode/workflow.md","ee109bb13d42a1ad55fe1d4787dca0a317f0ff8c3726d99da73ede38ee73140b"
"xml","editorial-review-prose","core","core/tasks/editorial-review-prose.xml","3bef9a93ae9edb0a9319695417dd9b76248eeb796a11bd064de581421f8a462c"
"xml","editorial-review-structure","core","core/tasks/editorial-review-structure.xml","6ea76267fffac3c270e7ff0c26cfbc4aba65ce7680f3aae3823c58ebae127e8c"
"xml","index-docs","core","core/tasks/index-docs.xml","4353fb6243a13a91a66e8e6cc5a8c658b2cd827d62f0d12408d94ae9546ed564"
"xml","review-adversarial-general","core","core/tasks/review-adversarial-general.xml","93d3786323e9c1a41b6b2290df237da3436ae0053d0bdb00a7960d6ac8eb9bb1"
"xml","shard-doc","core","core/tasks/shard-doc.xml","5f253b24c8bb531b016953ced1a23c1fdb72f92672a7905b231805cf747ae038"
"xml","workflow","core","core/tasks/workflow.xml","17bca7fa63bae20aaac4768d81463a7a2de7f80b60d4d9a8f36b70821ba86cfd"
"xml","workflow","core","core/workflows/advanced-elicitation/workflow.xml","45ae62a32c74c7418614d12a4f8fe8252d297dc8234ee6f3910e205dbe7b4dd4"
"yaml","config","core","core/config.yaml","409a163a513cd4cc02e8020b06361d98e845b65d80a7980576c17874ac5d2ee5"
